label,accuracy,eo_tpr_gap
baseline,0.8888888888888888,0.14285714285676532
dear,1.0,3.5715874702191286e-13
